id,title,timestamp,audio_local,image_local,text_local,audio_url,image_url,text_url,analysis,long_prompt
1,Two Worlds Collide in Static Silence,20251120-222603,/data/sonic_runs/audio/0001-two-worlds-collide-in-static-silence-20251120-222603.wav,/data/sonic_runs/images/0001-two-worlds-collide-in-static-silence-20251120-222603.png,/data/sonic_runs/texts/0001-two-worlds-collide-in-static-silence-20251120-222603.txt,https://raw.githubusercontent.com/fraloisio/sonic-runs-assets/main/audio/0001-two-worlds-collide-in-static-silence-20251120-222603.wav?token=BAGMYESKBZ2IN2I6F7VVJTTJD6K6Q,https://raw.githubusercontent.com/fraloisio/sonic-runs-assets/main/images/0001-two-worlds-collide-in-static-silence-20251120-222603.png?token=BAGMYETVQCSXRHPPPN4VWSLJD6K6S,https://raw.githubusercontent.com/fraloisio/sonic-runs-assets/main/texts/0001-two-worlds-collide-in-static-silence-20251120-222603.txt?token=BAGMYEXD2TDT2VE4NG5DNN3JD6K6U,"A black-and-white photo of two people embracing is torn and placed atop a child’s crayon drawing of a figure lying in a striped bed. The photo and drawing are both mounted on textured beige paper, suggesting layered memory or contrast between adult and child perspectives.","Industrial dusk ambience—faint metallic groans from distant machinery—damp concrete textures underfoot—pulsing low-frequency hums—sudden crackle of static—childlike finger-drumming rhythm—echoing footsteps on wooden stairs—whispered laughter fading into silence—warm breath in cold air—ticking clock at the edge of perception—deep bass throb beneath all—spacious, hollow reverberation—distant rain on metal—sudden stillness like a held breath—texture of paper rustling beneath—gently fading into nothing."
2,"Winter’s Stillness, Boots on Wood",20251120-230611,/data/sonic_runs/audio/0002-winters-stillness-boots-on-wood-20251120-230611.wav,/data/sonic_runs/images/0002-winters-stillness-boots-on-wood-20251120-230611.png,/data/sonic_runs/texts/0002-winters-stillness-boots-on-wood-20251120-230611.txt,https://raw.githubusercontent.com/fraloisio/sonic-runs-assets/main/audio/0002-winters-stillness-boots-on-wood-20251120-230611.wav,https://raw.githubusercontent.com/fraloisio/sonic-runs-assets/main/images/0002-winters-stillness-boots-on-wood-20251120-230611.png,https://raw.githubusercontent.com/fraloisio/sonic-runs-assets/main/texts/0002-winters-stillness-boots-on-wood-20251120-230611.txt,"A person stands atop a weathered wooden sled in deep snow, legs clad in black pants and sturdy gray boots. The background reveals a gently sloping, snow-dusted hillside with sparse vegetation. No other figures or objects are visible, emphasizing solitude and quiet anticipation.",Winter dusk ambience—crisp snow crunch underfoot—wooden sled creaks subtly—wind whispers through distant trees—boots press down with soft muffled thud—low hum of frozen earth—wood grain groans faintly beneath weight—cold air shivers in stereo—sudden silence punctuated by distant bird call—low-frequency snow drifts sigh under unseen movement—space feels vast and enclosed at once—texture of woolen fabric against cold air—rhythmic pause before descent—
3,Rooftop Van Oasis,20251120-230905,/data/sonic_runs/audio/0003-rooftop-van-oasis-20251120-230905.wav,/data/sonic_runs/images/0003-rooftop-van-oasis-20251120-230905.png,/data/sonic_runs/texts/0003-rooftop-van-oasis-20251120-230905.txt,https://raw.githubusercontent.com/fraloisio/sonic-runs-assets/main/audio/0003-rooftop-van-oasis-20251120-230905.wav,https://raw.githubusercontent.com/fraloisio/sonic-runs-assets/main/images/0003-rooftop-van-oasis-20251120-230905.png,https://raw.githubusercontent.com/fraloisio/sonic-runs-assets/main/texts/0003-rooftop-van-oasis-20251120-230905.txt,"A bright yellow vintage van sits open on a tiled rooftop, with two people seated inside and one standing nearby. String lights dangle overhead, and a shopping cart rests beside the van. High-rise buildings loom in the background under a partly cloudy sky.","Sun-drenched rooftop buzz—  
warm vinyl crackle—  
soft laughter drifting upward—  
gentle breeze rustling string lights—  
distant city hum—  
metallic scrape of cart wheels—  
low thrum of rooftop fans—  
muffled chatter with echo—  
glass chime from nearby railing—  
sun-bleached wood creak—  
low bass pulse from distant traffic—  
high-pitched birdcall slicing through—  
ambient warmth—  
open-air intimacy—  
urban sky resonance—  
unfiltered daylight shimmer."
4,Ink and Devotion in Sacred Light,20251120-231101,/data/sonic_runs/audio/0004-ink-and-devotion-in-sacred-light-20251120-231101.wav,/data/sonic_runs/images/0004-ink-and-devotion-in-sacred-light-20251120-231101.png,/data/sonic_runs/texts/0004-ink-and-devotion-in-sacred-light-20251120-231101.txt,https://raw.githubusercontent.com/fraloisio/sonic-runs-assets/main/audio/0004-ink-and-devotion-in-sacred-light-20251120-231101.wav,https://raw.githubusercontent.com/fraloisio/sonic-runs-assets/main/images/0004-ink-and-devotion-in-sacred-light-20251120-231101.png,https://raw.githubusercontent.com/fraloisio/sonic-runs-assets/main/texts/0004-ink-and-devotion-in-sacred-light-20251120-231101.txt,"An elderly artisan, wearing a patterned headwrap and glasses, leans over a large surface, carefully applying ink with a brush. Behind them, ornate, brightly colored tapestries hang, catching warm, diffused light from a window to the left. The scene exudes quiet concentration and cultural craftsmanship within an intimate, spiritually charged interior.",Sacred reverie—soft brushstroke scraping on paper—murmured chant tones in distant choir—velvet drapes sighing in gentle breeze—wooden beam creaks low and slow—warm amber glow hums in ambient space—distant bells chime faintly—inkwell tap-tap rhythm—deep woolen textures—echoing silence between strokes—mystical stillness—microtonal harmonies—soft footsteps on stone floor—layered spatial depth—ancient wisdom breathes around the sound.
5,Sphere Mirrors Dusk Over Water,20251120-231453,/data/sonic_runs/audio/0005-sphere-mirrors-dusk-over-water-20251120-231453.wav,/data/sonic_runs/images/0005-sphere-mirrors-dusk-over-water-20251120-231453.png,/data/sonic_runs/texts/0005-sphere-mirrors-dusk-over-water-20251120-231453.txt,https://raw.githubusercontent.com/fraloisio/sonic-runs-assets/main/audio/0005-sphere-mirrors-dusk-over-water-20251120-231453.wav,https://raw.githubusercontent.com/fraloisio/sonic-runs-assets/main/images/0005-sphere-mirrors-dusk-over-water-20251120-231453.png,https://raw.githubusercontent.com/fraloisio/sonic-runs-assets/main/texts/0005-sphere-mirrors-dusk-over-water-20251120-231453.txt,"A reflective glass sphere rests on a dark, textured rock, capturing an inverted, sun-starred view of a pier stretching into calm water. The background pier is softly blurred under golden-hour light, while the sphere’s surface precisely mirrors the sun’s rays and structure with high clarity.",Ambient coastal twilight—gentle tide lap—crisp glass resonance—warm harmonic hum—distant gull cries—subtle wind whispering across stone—low-frequency ocean swell—soft metallic shimmer—echoing pier supports—sudden sunburst crackle—vibrant high-frequency flare—deep atmospheric reverb—spacey echo layer—muted distant traffic hum—gentle granular grain—ambient warmth—spatial depth—slow rhythmic pulse—sunset’s last golden breath—
6,Whispering Peaks and Paws,20251120-232842,/data/sonic_runs/audio/0006-whispering-peaks-and-paws-20251120-232842.wav,/data/sonic_runs/images/0006-whispering-peaks-and-paws-20251120-232842.png,/data/sonic_runs/texts/0006-whispering-peaks-and-paws-20251120-232842.txt,https://raw.githubusercontent.com/fraloisio/sonic-runs-assets/main/audio/0006-whispering-peaks-and-paws-20251120-232842.wav,https://raw.githubusercontent.com/fraloisio/sonic-runs-assets/main/images/0006-whispering-peaks-and-paws-20251120-232842.png,https://raw.githubusercontent.com/fraloisio/sonic-runs-assets/main/texts/0006-whispering-peaks-and-paws-20251120-232842.txt,"A small, fluffy dog stands alert on a weathered wooden bench overlooking a deep turquoise lake nestled between steep, forested cliffs. The surrounding mountains rise dramatically, covered in evergreens and patches of grass, under a bright, clear sky. The scene is tranquil and expansive, with no visible humans.","Alpine morning ambience—soft breeze rustles pine needles—distant water droplets splash gently—wooden bench creaks with subtle weight—birdsong trills in layered intervals—crystal-clear lake whispers against stone—high cliffs echo low rumbling wind—muffled footsteps on mossy ground—warm sun glints off wet rock—deep resonance of distant thunder rumbling below—microscopic crickets chirp beneath—high-pitched dog’s breaths steady—space vast and reverent—tones crisp, airy, and cool—texture rich, natural, and immersive—rhythm slow, peaceful, and undulating—depth expansive with layered environmental tones—spatial balance: foreground, midground, and distant peaks clearly defined."
7,Liquid Explosion in Rustic Stillness,20251120-233417,/data/sonic_runs/audio/0007-liquid-explosion-in-rustic-stillness-20251120-233417.wav,/data/sonic_runs/images/0007-liquid-explosion-in-rustic-stillness-20251120-233417.png,/data/sonic_runs/texts/0007-liquid-explosion-in-rustic-stillness-20251120-233417.txt,https://raw.githubusercontent.com/fraloisio/sonic-runs-assets/main/audio/0007-liquid-explosion-in-rustic-stillness-20251120-233417.wav,https://raw.githubusercontent.com/fraloisio/sonic-runs-assets/main/images/0007-liquid-explosion-in-rustic-stillness-20251120-233417.png,https://raw.githubusercontent.com/fraloisio/sonic-runs-assets/main/texts/0007-liquid-explosion-in-rustic-stillness-20251120-233417.txt,"A white enamel mug erupts with a vivid splash of amber liquid, droplets suspended mid-air against a warm wooden backdrop. Beside it rests a plate of assorted cookies and a glass jar spilling cocoa beans, all set on a weathered tabletop. The composition suggests motion frozen in time, lit by directional warmth.","Warm wooden ambience—crisp liquid hiss, creamy splatter pop, soft ceramic clink, granular chocolate crunch, distant muffled jar rattle, airy droplet tinkle, rhythmic spatula scrape, ambient warmth hum—spatially layered with mid-range splash focus, rear cocoa bean rustle, and foreground spoon whisper—texture-rich, tactile, and warmly reverberant."
8,Birthday pup in festive hat,20251120-234016,/data/sonic_runs/audio/0008-birthday-pup-in-festive-hat-20251120-234016.wav,/data/sonic_runs/images/0008-birthday-pup-in-festive-hat-20251120-234016.png,/data/sonic_runs/texts/0008-birthday-pup-in-festive-hat-20251120-234016.txt,https://raw.githubusercontent.com/fraloisio/sonic-runs-assets/main/audio/0008-birthday-pup-in-festive-hat-20251120-234016.wav,https://raw.githubusercontent.com/fraloisio/sonic-runs-assets/main/images/0008-birthday-pup-in-festive-hat-20251120-234016.png,https://raw.githubusercontent.com/fraloisio/sonic-runs-assets/main/texts/0008-birthday-pup-in-festive-hat-20251120-234016.txt,"A small tan dog wears a colorful party hat with “Happy Birthday!” printed on it. The dog’s large, dark eyes gaze upward with an expression of mild bewilderment or resignation. The background is a plain, softly lit wall, and a red fabric is visible behind the dog’s shoulder.","Warm indoor ambient—soft cushioned breathing—subtle crinkle of paper hat—gentle muffled footsteps—low-pitched dog panting—faint distant chime—soft rustle of red fabric—muffled laughter from afar—distant ticking clock—warm bass hum—breath sounds with a slight echo—spatially layered, front-centered with gentle reverb."
9,Steel Silence Beneath the Yellow Cloak,20251120-234211,/data/sonic_runs/audio/0009-steel-silence-beneath-the-yellow-cloak-20251120-234211.wav,/data/sonic_runs/images/0009-steel-silence-beneath-the-yellow-cloak-20251120-234211.png,/data/sonic_runs/texts/0009-steel-silence-beneath-the-yellow-cloak-20251120-234211.txt,https://raw.githubusercontent.com/fraloisio/sonic-runs-assets/main/audio/0009-steel-silence-beneath-the-yellow-cloak-20251120-234211.wav,https://raw.githubusercontent.com/fraloisio/sonic-runs-assets/main/images/0009-steel-silence-beneath-the-yellow-cloak-20251120-234211.png,https://raw.githubusercontent.com/fraloisio/sonic-runs-assets/main/texts/0009-steel-silence-beneath-the-yellow-cloak-20251120-234211.txt,"A medieval armored figure stands poised, helmeted and gauntleted, draped in a mustard-yellow tunic beneath layered steel. Chainmail wraps the neck and shoulders, while articulated plate armor covers arms and torso—hands clenched around a weapon’s hilt. The background is neutral gradient, isolating the subject’s form and metallic sheen.",Industrial dusk ambience—rustling chainmail whispers under a belt’s studded buckle—metallic clink of gauntlet joints moving—low metallic groan of plate armor shifting under tension—damp woolen cloth breathes softly—thrum of distant war drums—echoing clangs from a forge in the distance—air thick with metallic dust—low rumble of armored footsteps on stone—cold metallic resonance in the throat of a helmet—shadowed breaths caught in the visor’s grill—sudden silence after a blade’s draw—
10,Bounty of Earth’s Vibrant Palette,20251120-234408,/data/sonic_runs/audio/0010-bounty-of-earths-vibrant-palette-20251120-234408.wav,/data/sonic_runs/images/0010-bounty-of-earths-vibrant-palette-20251120-234408.png,/data/sonic_runs/texts/0010-bounty-of-earths-vibrant-palette-20251120-234408.txt,https://raw.githubusercontent.com/fraloisio/sonic-runs-assets/main/audio/0010-bounty-of-earths-vibrant-palette-20251120-234408.wav,https://raw.githubusercontent.com/fraloisio/sonic-runs-assets/main/images/0010-bounty-of-earths-vibrant-palette-20251120-234408.png,https://raw.githubusercontent.com/fraloisio/sonic-runs-assets/main/texts/0010-bounty-of-earths-vibrant-palette-20251120-234408.txt,"A colorful market stall displays rows of fresh produce—eggplants, carrots, cherries, bananas, tomatoes, and peppers—in a dense, layered arrangement. Each type is grouped by hue and shape, creating a rich, textured mosaic that feels abundant and freshly harvested.","Market bustle—bustling, humid, organic—crunch of carrots underfoot—squelch of damp earth—pulsing hum of distant chatter—rustle of plastic bags—sizzle of ripe cherry skins—gush of banana peels—sudden pop of a tomato’s skin—warm breeze stirring greens—low thrum of vendor carts—distant metallic clang—sudden splash of a dropped crate—echoing chatter—hollow thump of a melon—sustained hum of life—warm, layered, living space."
11,Sentinel on the Ridge,20251121-085936,/data/sonic_runs/audio/0011-sentinel-on-the-ridge-20251121-085936.wav,/data/sonic_runs/images/0011-sentinel-on-the-ridge-20251121-085936.png,/data/sonic_runs/texts/0011-sentinel-on-the-ridge-20251121-085936.txt,https://raw.githubusercontent.com/fraloisio/sonic-runs-assets/main/audio/0011-sentinel-on-the-ridge-20251121-085936.wav,https://raw.githubusercontent.com/fraloisio/sonic-runs-assets/main/images/0011-sentinel-on-the-ridge-20251121-085936.png,https://raw.githubusercontent.com/fraloisio/sonic-runs-assets/main/texts/0011-sentinel-on-the-ridge-20251121-085936.txt,"A fluffy dog stands alert atop a weathered wooden beam overlooking a deep turquoise lake. Towering, forested cliffs rise steeply behind the water, with sunlight dappling the green slopes. The foreground includes grassy earth and scattered pine trees framing the scene. The dog’s posture suggests calm observation of the vast, rugged landscape.",Alpine morning stillness—crisp wind whispering through conifer needles—distant water lapping against rock—low rumble of distant glacier melt—soft crunch of grass under paw—high-pitched bark echo in canyon—wooden beam creak under weight—warm sunbeam shimmering through trees—ambient drone of mountain air—subtle rustle of wind over stone—deep resonance of valley silence—
14,Serpentine Ascent Through Mist,20251121-224139,/data/sonic_runs/audio/0014-serpentine-ascent-through-mist-20251121-224139.wav,/data/sonic_runs/images/0014-serpentine-ascent-through-mist-20251121-224139.png,/data/sonic_runs/texts/0014-serpentine-ascent-through-mist-20251121-224139.txt,https://raw.githubusercontent.com/fraloisio/sonic-runs-assets/main/audio/0014-serpentine-ascent-through-mist-20251121-224139.wav,https://raw.githubusercontent.com/fraloisio/sonic-runs-assets/main/images/0014-serpentine-ascent-through-mist-20251121-224139.png,https://raw.githubusercontent.com/fraloisio/sonic-runs-assets/main/texts/0014-serpentine-ascent-through-mist-20251121-224139.txt,"A winding mountain road snakes up steep, verdant slopes partially obscured by drifting clouds. A few vehicles, including a red truck, navigate the curves, while stone retaining walls line the edges. Distant peaks fade into haze under an overcast sky.","Mist-chilled mountain highway ambience—  
wet asphalt whispers under tires—  
low drone of distant engines—  
wind sighing through alpine grass—  
echoing metal guardrails—  
thrum of engine revs fading up a spiral—  
damp stone groans under weight—  
clouds sighing past like ghostly breath—  
spatial swell of valley wind—  
high-frequency mist hiss—  
rhythmic tire groan on curved descent—  
deep bass rumble beneath fogged peaks—  
distant thunder rumble—  
ambient static of altitude—  
echoing road signs in mist—  
subtle vibration through gravel shoulders—  
sudden silence where clouds part—  
long decay of engine fade—  
distant owl hoots—  
muffled wind in hollows—  
rhythmic foghorn in distance—  
sudden gust—  
sound bleeds into mist—  
noisy silence—  
whispering void—  
space between curves—  
distant bell chime—  
rhythmic pulse—  
endless loop—"
15,Serpentine Sky Road Through Mist,20251121-232646,/data/sonic_runs/audio/0015-serpentine-sky-road-through-mist-20251121-232646.wav,/data/sonic_runs/images/0015-serpentine-sky-road-through-mist-20251121-232646.png,/data/sonic_runs/texts/0015-serpentine-sky-road-through-mist-20251121-232646.txt,https://raw.githubusercontent.com/fraloisio/sonic-runs-assets/main/audio/0015-serpentine-sky-road-through-mist-20251121-232646.wav,https://raw.githubusercontent.com/fraloisio/sonic-runs-assets/main/images/0015-serpentine-sky-road-through-mist-20251121-232646.png,https://raw.githubusercontent.com/fraloisio/sonic-runs-assets/main/texts/0015-serpentine-sky-road-through-mist-20251121-232646.txt,"A winding mountain road snakes across a lush green slope, partially obscured by drifting fog. A red vehicle and a white car navigate the curves, while stone barriers line the edge. Distant peaks emerge from clouds under an overcast sky.","Misty alpine road ambience—  
Wet asphalt hums under tire tread—  
Fog sighs through valleys with soft granular whisper—  
Distant wind whistles over high ridges—  
Occasional car engine thrum pulses rhythmically—  
Stone walls resonate with low, resonant thud—  
Clouds rustle like frayed cloth in layered space—  
Echoes linger in hollow turns—  
Low-frequency rumble of descending slopes—  
High-harmonic mist breaths interweave with distant thunder—  
Spatial depth unfolds like rolling waves—  
Tonal decay of road echoes in misty void—"
16,Serpentine Road Through Misty Peaks,20251121-233030,/data/sonic_runs/audio/0016-serpentine-road-through-misty-peaks-20251121-233030.wav,/data/sonic_runs/images/0016-serpentine-road-through-misty-peaks-20251121-233030.png,/data/sonic_runs/texts/0016-serpentine-road-through-misty-peaks-20251121-233030.txt,https://raw.githubusercontent.com/fraloisio/sonic-runs-assets/main/audio/0016-serpentine-road-through-misty-peaks-20251121-233030.wav,https://raw.githubusercontent.com/fraloisio/sonic-runs-assets/main/images/0016-serpentine-road-through-misty-peaks-20251121-233030.png,https://raw.githubusercontent.com/fraloisio/sonic-runs-assets/main/texts/0016-serpentine-road-through-misty-peaks-20251121-233030.txt,"A winding asphalt road snakes along a steep, green mountainside, partially obscured by drifting clouds. A few vehicles, including a red truck, navigate the curves. The terrain is rugged with stone retaining walls, and distant peaks fade into mist under an overcast sky.","Mist-choked alpine ambience—  
Low-humming wind through treetops—  
Distant rumble of tires on wet asphalt—  
Echoing metallic groan of guardrails—  
Soft mist swells with damp, porous texture—  
Deep bass rumble from distant valley—  
High-pitched whine of fog clinging to ridges—  
Sudden hollow crackle as cloud drifts past—  
Tonal swell of distant thunder murmur—  
Creaking stone walls breathing under weight—  
Spatial layering—near-mid-far mountain depth—  
Reverberant silence between winding turns—"
17,Serpentine Mountain Veil,20251121-233958,/data/sonic_runs/audio/0017-serpentine-mountain-veil-20251121-233958.wav,/data/sonic_runs/images/0017-serpentine-mountain-veil-20251121-233958.png,/data/sonic_runs/texts/0017-serpentine-mountain-veil-20251121-233958.txt,https://raw.githubusercontent.com/fraloisio/sonic-runs-assets/main/audio/0017-serpentine-mountain-veil-20251121-233958.wav,https://raw.githubusercontent.com/fraloisio/sonic-runs-assets/main/images/0017-serpentine-mountain-veil-20251121-233958.png,https://raw.githubusercontent.com/fraloisio/sonic-runs-assets/main/texts/0017-serpentine-mountain-veil-20251121-233958.txt,"A winding asphalt road snakes across a lush, mist-shrouded mountainside, its curves disappearing into low-hanging clouds. Several vehicles, including a red truck, navigate the turns, while stone barriers line the edges. The terrain is steep and verdant, with patches of exposed rock, and distant peaks fade into atmospheric haze under an overcast sky.","Mist-chilled mountain ambience—  
a low-humming wind eddying through valleys—  
distant tire screeches fading into curves—  
wet asphalt whispering under wheels—  
stone barriers groaning with damp weight—  
clouds sighing overhead in layered tones—  
echoing horns punctuate quiet turns—  
ambient raindrops tickle mossy slopes—  
sub-bass rumble from descending trucks—  
spatial reverb swelling where mist pools—  
wind carries whispers of distant peaks—  
a breath-held pause before a curve reveals—"
18,Urban Sonata Under Fountains,20251121-234110,/data/sonic_runs/audio/0018-urban-sonata-under-fountains-20251121-234110.wav,/data/sonic_runs/images/0018-urban-sonata-under-fountains-20251121-234110.png,/data/sonic_runs/texts/0018-urban-sonata-under-fountains-20251121-234110.txt,https://raw.githubusercontent.com/fraloisio/sonic-runs-assets/main/audio/0018-urban-sonata-under-fountains-20251121-234110.wav,https://raw.githubusercontent.com/fraloisio/sonic-runs-assets/main/images/0018-urban-sonata-under-fountains-20251121-234110.png,https://raw.githubusercontent.com/fraloisio/sonic-runs-assets/main/texts/0018-urban-sonata-under-fountains-20251121-234110.txt,"A man plays a grand piano on a bustling city plaza, surrounded by pedestrians and framed by leafy trees. A fountain sprays water in the background, creating mist that drifts through sunlight. The scene feels lively yet intimate, centered on the solitary musician.","Urban daylight ambience—  
soft footsteps on pavement—  
distant chatter and laughter—  
gurgling fountain spray—  
low piano chords resonating—  
gentle breeze rustling leaves—  
echoing footsteps fading—  
bottle cap rolling—  
sudden applause—  
sudden silence—  
warm sunlight filtering—  
water droplets pattering—"
19,Midnight Keys in a Sunlit Square,20251121-234230,/data/sonic_runs/audio/0019-midnight-keys-in-a-sunlit-square-20251121-234230.wav,/data/sonic_runs/images/0019-midnight-keys-in-a-sunlit-square-20251121-234230.png,/data/sonic_runs/texts/0019-midnight-keys-in-a-sunlit-square-20251121-234230.txt,https://raw.githubusercontent.com/fraloisio/sonic-runs-assets/main/audio/0019-midnight-keys-in-a-sunlit-square-20251121-234230.wav,https://raw.githubusercontent.com/fraloisio/sonic-runs-assets/main/images/0019-midnight-keys-in-a-sunlit-square-20251121-234230.png,https://raw.githubusercontent.com/fraloisio/sonic-runs-assets/main/texts/0019-midnight-keys-in-a-sunlit-square-20251121-234230.txt,"A man sits at a grand piano outdoors, his back to the camera, as people stroll past in a park. A fountain’s mist rises behind him, partially obscuring trees and lampposts under bright daylight. His posture suggests deep focus, while the surrounding crowd moves with casual energy.","Urban daylight ambience—gentle splashing of water mist—soft rustling leaves—distant chatter and laughter—low hum of footsteps on pavement—subtle piano chords—warm sun-drenched reverb—wind brushing past—metallic clink of a water bottle—faint organ pipe resonance—pedestrian footsteps fading into background—deep bass throb of distant traffic—layered textures of stone, metal, and greenery—spatial depth with foreground piano focus—rising airy haze—balanced warmth with subtle urban grit."
20,Verdant Spine Forest,20251121-234729,/data/sonic_runs/audio/0020-verdant-spine-forest-20251121-234729.wav,/data/sonic_runs/images/0020-verdant-spine-forest-20251121-234729.png,/data/sonic_runs/texts/0020-verdant-spine-forest-20251121-234729.txt,https://raw.githubusercontent.com/fraloisio/sonic-runs-assets/main/audio/0020-verdant-spine-forest-20251121-234729.wav,https://raw.githubusercontent.com/fraloisio/sonic-runs-assets/main/images/0020-verdant-spine-forest-20251121-234729.png,https://raw.githubusercontent.com/fraloisio/sonic-runs-assets/main/texts/0020-verdant-spine-forest-20251121-234729.txt,"A dense cluster of green, columnar succulents rises vertically, each adorned with sharp, white spines arranged in spiraling rows. The plants fill the frame tightly, creating a textured, repetitive pattern with varying shades of green and subtle shadows between stems.","Dry, wind-trembling ambient—sudden sharp clicks from spines brushing—low-frequency hum of distant desert heat—breezy rustle that clings to vertical surfaces—subtle metallic scrape of spine-on-stem—distant creak of shifting stems under pressure—repeating rhythmic hiss of air moving through narrow crevices—sparse, high-pitched whine like brittle needles—spatial depth with muffled echoes between dense clusters—warm, dry tone—dusty, porous texture—ambient buzz that pulses with subtle diurnal rhythm—light wind’s uneven tempo—spines whispering in clustered clusters."
21,Emerald Spines in Stillness,20251121-235607,/data/sonic_runs/audio/0021-emerald-spines-in-stillness-20251121-235607.wav,/data/sonic_runs/images/0021-emerald-spines-in-stillness-20251121-235607.png,/data/sonic_runs/texts/0021-emerald-spines-in-stillness-20251121-235607.txt,https://raw.githubusercontent.com/fraloisio/sonic-runs-assets/main/audio/0021-emerald-spines-in-stillness-20251121-235607.wav,https://raw.githubusercontent.com/fraloisio/sonic-runs-assets/main/images/0021-emerald-spines-in-stillness-20251121-235607.png,https://raw.githubusercontent.com/fraloisio/sonic-runs-assets/main/texts/0021-emerald-spines-in-stillness-20251121-235607.txt,"A dense cluster of green, columnar cacti fills the frame, each stem vertically ridged and crowned with clusters of sharp, white spines. The lighting casts subtle shadows between stems, emphasizing their texture and repetition across the field. Depth is suggested by fading focus in the background. The overall composition is tightly packed and rhythmically patterned.","Desert stillness—distant wind whispers through sparse vegetation—crisp, dry air carries faint rustles—soft percussion of spines brushing against each other—subtle tonal hum from sun-warmed stems—low-frequency rumble beneath the surface—occasional metallic click as a spine shifts—spatial layering with foreground textures sharp, mid-range muffled—ambient echo in wide open space—warm, sun-baked resonance—deep, resonant drones from earth below—sudden silence punctuated by a single spine’s tap—spatially expansive yet claustrophobic in repetition."
22,Urban Sonata in Sunlit Motion,20251122-001812,/data/sonic_runs/audio/0022-urban-sonata-in-sunlit-motion-20251122-001812.wav,/data/sonic_runs/images/0022-urban-sonata-in-sunlit-motion-20251122-001812.png,/data/sonic_runs/texts/0022-urban-sonata-in-sunlit-motion-20251122-001812.txt,https://raw.githubusercontent.com/fraloisio/sonic-runs-assets/main/audio/0022-urban-sonata-in-sunlit-motion-20251122-001812.wav,https://raw.githubusercontent.com/fraloisio/sonic-runs-assets/main/images/0022-urban-sonata-in-sunlit-motion-20251122-001812.png,https://raw.githubusercontent.com/fraloisio/sonic-runs-assets/main/texts/0022-urban-sonata-in-sunlit-motion-20251122-001812.txt,"A musician sits at a grand piano on a paved plaza, his back to the viewer, as people stroll past in casual motion. A fountain’s mist rises in the background, trees dapple the scene in sunlight, and the piano’s lid reflects the sky. The setting is open-air, vibrant, and alive with human movement and natural elements.","Sun-drenched park ambience—  
gentle footfalls on stone—  
distant laughter and chatter—  
water mist whispering through air—  
soft piano notes lingering—  
leaf rustles in breeze—  
echoing fountain spray—  
occasional bicycle bell—  
urban crowd murmur—  
warm afternoon tones—  
spacious resonance—  
distant birdsong—  
sudden silence before chord—  
footstep rhythm syncopated—  
breeze carrying distant music—  
sunlight shimmering on wet pavement—  
nearby bag rustle—  
gentle seat creak—  
faint street vendor call—  
children’s distant shouts—  
soft piano resonance—  
space expanding with each note—  
open-air reverberation—  
warm, golden-hued tones—  
ambient hum of city life—  
texture of stone underfoot—  
flowing water and wind—  
crowd movement as rhythmic backdrop—  
space echoing with transient sound—  
urban park pulse—  
human warmth beneath piano chords—  
distant echo of passing car—  
sunlight dapples—  
quiet anticipation—  
fountain’s rhythmic spray—  
urban symphony in motion—  
gentle, open, resonant—  
living, breathing sound world—  
sunlit, textured, layered—  
natural and human harmonies—  
space alive with motion and music—  
warmth and movement interwoven—  
resonant silence between notes—  
soft, layered, immersive—  
urban park pulse—  
sunlit, textured, resonant—  
living soundscapes—  
human and natural layered—  
space expanding with each note—  
distant, layered, warm—  
gentle, open, resonant—  
sunlit, textured, layered—"
23,Urban Sonata Under Sunlit Canopy,20251122-002627,/data/sonic_runs/audio/0023-urban-sonata-under-sunlit-canopy-20251122-002627.wav,/data/sonic_runs/images/0023-urban-sonata-under-sunlit-canopy-20251122-002627.png,/data/sonic_runs/texts/0023-urban-sonata-under-sunlit-canopy-20251122-002627.txt,https://raw.githubusercontent.com/fraloisio/sonic-runs-assets/main/audio/0023-urban-sonata-under-sunlit-canopy-20251122-002627.wav,https://raw.githubusercontent.com/fraloisio/sonic-runs-assets/main/images/0023-urban-sonata-under-sunlit-canopy-20251122-002627.png,https://raw.githubusercontent.com/fraloisio/sonic-runs-assets/main/texts/0023-urban-sonata-under-sunlit-canopy-20251122-002627.txt,"A solitary pianist sits at a grand piano outdoors, surrounded by pedestrians strolling beneath leafy trees. A fountain’s mist drifts behind him, while sunlight filters through the canopy above. The scene is alive with casual movement and natural ambience.","Urban daylight ambience—  
gentle footfall on paved stones—  
distant chatter and laughter—  
soft fountain spray misting—  
piano keys resonating with mid-tempo chords—  
wind rustling through canopy leaves—  
low hum of city life—  
ambient birdsong—  
bottle cap clinking—  
faint bicycle bell—  
sudden breeze carrying distant laughter—  
warm, sunlit resonance—  
spacious, open-air reverberation—  
footsteps fading into crowd—  
rhythmic piano sustain blending with street life—  
warm, organic timbre—  
high fidelity, immersive spatial depth—  
light wind, distant echoes, subtle crowd movement—  
soft, golden-hour warmth—  
urban nature harmony—  
layered, textured, alive—  
piano notes lingering—  
urban park resonance—  
balanced, resonant, enveloping—  
distant chatter fading—  
sunlit air shimmering—  
sustained piano tone—  
city pulse beneath—  
lush greenery breathes—  
distant jogger’s rhythm—  
soft crowd murmur—  
fountain’s misty whisper—  
gentle breeze—  
sunlit resonance—  
crowd movement—  
ambient life—  
rich, layered, immersive—  
urban park sonata—  
warm, natural, resonant—  
spatial depth—  
layered textures—  
distant echoes—  
sunlit ambience—  
crowd movement—  
fountain mist—  
piano chords—  
city life rhythm—  
wind through trees—  
organic, lively, immersive—  
soft, warm, alive—  
urban park serenity—  
layered, textured, resonant—  
fountain spray—  
piano sustain—  
sunlit resonance—  
crowd movement—  
wind rustle—  
distant chatter—  
bottle cap—  
bicycle bell—  
city pulse—  
lush greenery—  
jogger’s rhythm—  
laughter—  
sunlit warmth—  
urban nature harmony—  
spatial, layered, immersive—  
rich textures—  
distant echoes—  
fountain mist—  
p"
24,Celestial Peaks Under Starry Veil,20251122-003206,/data/sonic_runs/audio/0024-celestial-peaks-under-starry-veil-20251122-003206.wav,/data/sonic_runs/images/0024-celestial-peaks-under-starry-veil-20251122-003206.png,/data/sonic_runs/texts/0024-celestial-peaks-under-starry-veil-20251122-003206.txt,https://raw.githubusercontent.com/fraloisio/sonic-runs-assets/main/audio/0024-celestial-peaks-under-starry-veil-20251122-003206.wav,https://raw.githubusercontent.com/fraloisio/sonic-runs-assets/main/images/0024-celestial-peaks-under-starry-veil-20251122-003206.png,https://raw.githubusercontent.com/fraloisio/sonic-runs-assets/main/texts/0024-celestial-peaks-under-starry-veil-20251122-003206.txt,"A snow-capped mountain peak pierces a night sky densely speckled with stars and wispy purple clouds. The foreground shows rugged, dark terrain leading up to the illuminated summit, while the sky’s deep indigo tones contrast with the bright celestial glow.",Cosmic silence—crystalline wind whispers over icy ridges—distant star hums resonate through cold alpine air—low-frequency rumble of tectonic stillness—murmuring cloud currents drift like velvet sheets—faint chime of starlight reflecting on snow—subtle metallic crunch beneath footfalls—deep spatial echo in vast valley hollows—ethereal harmonic swell from zenith to horizon—ambient chill that lingers in ear canals—celestial breath suspended in time—
25,Urban Serenade in Sunlit Greenery,20251122-102804,/data/sonic_runs/audio/0025-urban-serenade-in-sunlit-greenery-20251122-102804.wav,/data/sonic_runs/images/0025-urban-serenade-in-sunlit-greenery-20251122-102804.png,/data/sonic_runs/texts/0025-urban-serenade-in-sunlit-greenery-20251122-102804.txt,https://raw.githubusercontent.com/fraloisio/sonic-runs-assets/main/audio/0025-urban-serenade-in-sunlit-greenery-20251122-102804.wav,https://raw.githubusercontent.com/fraloisio/sonic-runs-assets/main/images/0025-urban-serenade-in-sunlit-greenery-20251122-102804.png,https://raw.githubusercontent.com/fraloisio/sonic-runs-assets/main/texts/0025-urban-serenade-in-sunlit-greenery-20251122-102804.txt,"A man sits at a grand piano outdoors, playing amidst a park bustling with pedestrians. Trees and a fountain in the background suggest a lively, open public space. The piano’s lid is raised, and the player is viewed from behind, absorbed in performance. Sunlight filters through leaves, casting dappled shadows on the ground.","Sun-dappled park ambience—soft footfalls on paved stones—gentle fountain spray rhythm—birdsong in intermittent bursts—plucked piano strings with warm resonance—distant chatter and laughter—cool breeze rustling tree leaves—echoing pedal tones fading into space—subtle metallic glint of water droplets—low ambient hum of city life—layered textures of stone, grass, and fabric—rich, resonant piano sustain in open air."
26,Urban Sonata in Sunlit Concrete,20251122-131228,/data/sonic_runs/audio/0026-urban-sonata-in-sunlit-concrete-20251122-131228.wav,/data/sonic_runs/images/0026-urban-sonata-in-sunlit-concrete-20251122-131228.png,/data/sonic_runs/texts/0026-urban-sonata-in-sunlit-concrete-20251122-131228.txt,https://raw.githubusercontent.com/fraloisio/sonic-runs-assets/main/audio/0026-urban-sonata-in-sunlit-concrete-20251122-131228.wav,https://raw.githubusercontent.com/fraloisio/sonic-runs-assets/main/images/0026-urban-sonata-in-sunlit-concrete-20251122-131228.png,https://raw.githubusercontent.com/fraloisio/sonic-runs-assets/main/texts/0026-urban-sonata-in-sunlit-concrete-20251122-131228.txt,"A man sits at a grand piano on a bustling public plaza, surrounded by pedestrians and the mist of a distant fountain. Trees cast dappled shadows over the scene, while sunlight filters through leaves, illuminating the player’s back as he performs. The piano’s lid is raised, and a backpack rests nearby, suggesting an impromptu, street-level performance.","Urban daylight ambience—  
gentle footstep percussion on paved stone—  
distant water spray of fountain mist—  
soft rustle of breeze through canopy leaves—  
muffled chatter and laughter of passing crowds—  
rich, resonant piano notes echoing in open space—  
subtle metallic shimmer of piano strings—  
low hum of distant city traffic—  
warm, ambient sun-dappled reverb—  
tactile texture of leather stool and polished wood—  
spatial depth with echoes fading toward park edges—  
pulsing rhythm of human movement in background—  
soft metallic chime of a nearby bell—  
unified atmosphere of spontaneous, sunlit performance."
27,Emerald Spine Forest,20251122-140112,/data/sonic_runs/audio/0027-emerald-spine-forest-20251122-140112.wav,/data/sonic_runs/images/0027-emerald-spine-forest-20251122-140112.png,/data/sonic_runs/texts/0027-emerald-spine-forest-20251122-140112.txt,https://raw.githubusercontent.com/fraloisio/sonic-runs-assets/main/audio/0027-emerald-spine-forest-20251122-140112.wav,https://raw.githubusercontent.com/fraloisio/sonic-runs-assets/main/images/0027-emerald-spine-forest-20251122-140112.png,https://raw.githubusercontent.com/fraloisio/sonic-runs-assets/main/texts/0027-emerald-spine-forest-20251122-140112.txt,"A dense cluster of green cacti with sharp spines rises vertically, filling the frame with a textured, repeating pattern. Each stem is segmented and rigid, covered in clusters of fine, needle-like thorns. The lighting highlights the vibrant green tones and subtle surface ridges, creating depth and tactile contrast across the scene.","Industrial dusk ambience—low-frequency hum of distant wind threading through rigid vertical structures—sharp metallic clicks as spines brush against unseen surfaces—damp, porous textures resonating with muffled echoes—dense rhythmic pulses like heartbeat through segmented columns—sub-bass rumble beneath surface-level staccato zaps—echoing hollow thuds from hidden cavities—tactile grittiness of dried earth underfoot—spatial decay as sound bleeds upward into canopy void—deeply resonant, almost organic drone beneath repeating staccato punctuations—sudden, brittle snaps like glass shattering in close proximity."
28,Spine Forest Whispers,20251124-100024,/data/sonic_runs/audio/0028-spine-forest-whispers-20251124-100024.wav,/data/sonic_runs/images/0028-spine-forest-whispers-20251124-100024.png,/data/sonic_runs/texts/0028-spine-forest-whispers-20251124-100024.txt,https://raw.githubusercontent.com/fraloisio/sonic-runs-assets/main/audio/0028-spine-forest-whispers-20251124-100024.wav,https://raw.githubusercontent.com/fraloisio/sonic-runs-assets/main/images/0028-spine-forest-whispers-20251124-100024.png,https://raw.githubusercontent.com/fraloisio/sonic-runs-assets/main/texts/0028-spine-forest-whispers-20251124-100024.txt,"A dense cluster of green, columnar succulents rises in tight vertical rows, each ribbed stem crowned with clusters of sharp, white spines. The stems vary in thickness and height, creating a textured, repetitive pattern that fills the entire frame. The lighting is bright and even, highlighting the glossy green surfaces and the fine details of the spines. Depth is shallow, with the foreground stems sharply defined and background ones softening into a blurred green mass.","Dry, brittle wind rustles through a field of rigid spines—  
sharp metallic chimes on each spine’s tip—  
a low thrum of distant, layered vegetation—  
distant, gritty wind chimes—  
echoing green-throated chimes—  
hollow resonance in the mid-range—  
dense, rhythmic tapping like a brush against glass—  
spatially staggered, foreground spikes closer and louder—  
echoing in the upper register—  
reverberant, textured bass beneath the surface—  
distant, slow-moving shadows—  
a green forest breathing at noon—  
no birds—only the spine forest."
29,Stone Cathedral of Dusk,20251124-100615,/data/sonic_runs/audio/0029-stone-cathedral-of-dusk-20251124-100615.wav,/data/sonic_runs/images/0029-stone-cathedral-of-dusk-20251124-100615.png,/data/sonic_runs/texts/0029-stone-cathedral-of-dusk-20251124-100615.txt,https://raw.githubusercontent.com/fraloisio/sonic-runs-assets/main/audio/0029-stone-cathedral-of-dusk-20251124-100615.wav,https://raw.githubusercontent.com/fraloisio/sonic-runs-assets/main/images/0029-stone-cathedral-of-dusk-20251124-100615.png,https://raw.githubusercontent.com/fraloisio/sonic-runs-assets/main/texts/0029-stone-cathedral-of-dusk-20251124-100615.txt,"Massive boulders form a narrow, sunlit cleft with rough, weathered surfaces. A single lantern hangs suspended between them, casting soft light on a patch of concrete and a small green plant tucked in the rock crevice.","Industrial dusk ambience—rough stone groans under distant wind—metal lantern clinks softly—dusty gravel crunches underfoot—low rumble of earth settling—warm, filtered sunlight hums through cracks—dry air whispers over porous surfaces—deep bass resonance echoes in hollow crevices—crisp, metallic chime from hanging fixture—ambient warmth pulses like a heartbeat—space feels enclosed yet vast—textures shift from gritty to smooth—rhythmic decay of natural decay—spatial depth with distant echo—warm low-mid tones layered under static silence—subtle rustle of unseen foliage—muffled footsteps echo—dense, textured silence pulses beneath it all—"
30,Green Thorns in the Stillness,20251124-140555,/data/sonic_runs/audio/0030-green-thorns-in-the-stillness-20251124-140555.wav,/data/sonic_runs/images/0030-green-thorns-in-the-stillness-20251124-140555.png,/data/sonic_runs/texts/0030-green-thorns-in-the-stillness-20251124-140555.txt,https://raw.githubusercontent.com/fraloisio/sonic-runs-assets/main/audio/0030-green-thorns-in-the-stillness-20251124-140555.wav,https://raw.githubusercontent.com/fraloisio/sonic-runs-assets/main/images/0030-green-thorns-in-the-stillness-20251124-140555.png,https://raw.githubusercontent.com/fraloisio/sonic-runs-assets/main/texts/0030-green-thorns-in-the-stillness-20251124-140555.txt,"A dense cluster of upright, spiky green stems fills the frame, their sharp edges catching light. The composition is tightly packed, with repeating vertical forms and fine, needle-like spines radiating from each segment. Depth is implied by gradual softening of detail in the background. No motion or external context is visible.","Background—soft rustling wind through dry grasses—distant birdsong—low hum of insects—subtle soil crackle—ambient warmth—low-frequency murmur—faint breeze over stone—crisp, airy air—  
Foreground—sharp, rhythmic clicks of thorns brushing—occasional dry snap of a stem—metallic chime of wind against spines—precise, staccato taps—subtle, almost mechanical percussion—  
Spatial Qualities—immersive, shallow depth—sounds emanate from all directions but focus near center—echoing space with slight reverberation—dense, claustrophobic intimacy—sudden nearness of texture—  
Mood—quiet alertness—natural tension—calm danger—watchful solitude—mysterious resilience—grounded, meditative stillness—unyielding presence—"
